{
  "summary": {
    "successRate": 1.0,
    "total": 180.006001916,
    "slowest": 0.080872708,
    "fastest": 0.000443042,
    "average": 0.0028813948642831527,
    "requestsPerSec": 17348.888185724532,
    "totalData": 37474248,
    "sizePerRequest": 12,
    "sizePerSec": 208183.32500650393
  },
  "responseTimeHistogram": {
    "0.000443042": 1,
    "0.008486008599999999": 3122257,
    "0.0165289752": 537,
    "0.0245719418": 32,
    "0.032614908399999996": 6,
    "0.040657874999999996": 5,
    "0.048700841599999996": 4,
    "0.056743808199999995": 3,
    "0.0647867748": 3,
    "0.07282974140000001": 3,
    "0.080872708": 3
  },
  "latencyPercentiles": {
    "p10": 0.00263625,
    "p25": 0.002674709,
    "p50": 0.002745125,
    "p75": 0.002875167,
    "p90": 0.003581291,
    "p95": 0.003731334,
    "p99": 0.004098542,
    "p99.9": 0.0076755,
    "p99.99": 0.010162542
  },
  "rps": {
    "mean": 17348.03324969763,
    "stddev": 1333.6737386293835,
    "max": 21522.204620932644,
    "min": 3125.8271467957825,
    "percentiles": {
      "p10": 15987.396702813872,
      "p25": 16588.471293985513,
      "p50": 17647.64865135472,
      "p75": 18298.35365084967,
      "p90": 18651.446284285612,
      "p95": 18792.475894640655,
      "p99": 19330.608084836884,
      "p99.9": 20214.740588840155,
      "p99.99": 21390.911373339408
    }
  },
  "details": {
    "DNSDialup": {
      "average": 0.00104147586,
      "fastest": 0.000385708,
      "slowest": 0.001217667
    },
    "DNSLookup": {
      "average": 0.000013994199999999999,
      "fastest": 9.58e-7,
      "slowest": 0.000154667
    }
  },
  "statusCodeDistribution": {
    "200": 3122854
  },
  "errorDistribution": {
    "aborted due to deadline": 50
  }
}